noun,theme
kafa,heartbreak
jastuk,heartbreak
krevet,heartbreak
strana,heartbreak
poruka,heartbreak
broj,heartbreak
telefon,heartbreak
cigareta,heartbreak
parfem,heartbreak
ključ,heartbreak
vrata,heartbreak
čaša,heartbreak
soba,heartbreak
kupaonica,heartbreak
ogledalo,heartbreak
slike,heartbreak
fotografija,heartbreak
slika,heartbreak
koverta,heartbreak
pismo,heartbreak
spaljena,heartbreak
splav,night
neon,night
separe,night
šank,night
led,night
čaša,night
bina,night
reflektor,night
taksi,night
znoj,night
bas,night
mrak,night
svetlo,night
rasveta,night
ulica,night
grad,night
džak,night
cigara,night
koktel,night
pogled,night
lanac,status
zlato,status
sat,status
keš,status
sef,status
auto,status
beli auto,status
avion,status
sto,status
rezervisan sto,status
torba,status
patike,status
nakit,status
prsten,status
narukvica,status
srebro,status
pare,status
lova,status
novac,status
sako,status
kaput,status
futrola,status
okovratnik,status
beograd,place
sava,place
dunav,place
kalemegdan,place
ada,place
knez mihailova,place
novi sad,place
niš,place
sarajevo,place
baščaršija,place
miljacka,place
grbavica,place
sokak,place
avlija,place
čaršija,place
vlašić,place
bjelašnica,place
most,place
željeznička,place
stanica,place
peron,place
voz,place
brz,place
vlak,place
vrata,defiance
broj,defiance
čaša,defiance
korak,defiance
pogled,defiance
rulja,defiance
silueta,defiance
blok,street
keš,street
sef,street
felna,street
lanac,street
auto,street
parking,street
ulica,street
noć,street
hlad,street
žurka,street
splav,street
bass,street
cigara,street
rakija,street
jutro,street
mrak,street
ekipa,street
ostali,street
ekipu,street
blok,street
kvart,street
prolaz,street
sokak,street
ulaz,street
izlaz,street
dim,street
sneg,street
kiša,street
veter,street
olovo,street
metal,street
beton,street
asfalt,street
cigla,street
grada,street
drvo,street
bunar,street
more,sea
plaža,sea
val,sea
oba,sea
oblak,sea
peščana,sea
školjka,sea
solis,sea
cvijet,sea
suncokret,sea
ruža,sea
polje,sea
planina,sea
reka,sea
rijeka,sea
brdo,sea
zvezda,sea
mesec,sea
sunce,sea
nebo,sea
