original_path	category	reason	staged_at	restore_command
.scratch_i6	DELETE-untracked	lyrics-sources probe scratch (Sep 30) left at repo root	2026-10-04 02:34	move to_be_deleted/untracked/.scratch_i6 back to .scratch_i6
.scratch_v1_audit.py	DELETE-untracked	lyrics-sources probe scratch (Sep 30) left at repo root	2026-10-04 02:34	move to_be_deleted/untracked/.scratch_v1_audit.py back to .scratch_v1_audit.py
scratch_amazing_grace_how_sweet_the_sound.html	DELETE-untracked	lyrics-sources probe scratch (Sep 30) left at repo root	2026-10-04 02:34	move to_be_deleted/untracked/scratch_amazing_grace_how_sweet_the_sound.html back to scratch_amazing_grace_how_sweet_the_sound.html
scratch_ch001.html	DELETE-untracked	lyrics-sources probe scratch (Sep 30) left at repo root	2026-10-04 02:34	move to_be_deleted/untracked/scratch_ch001.html back to scratch_ch001.html
scratch_ch039.html	DELETE-untracked	lyrics-sources probe scratch (Sep 30) left at repo root	2026-10-04 02:34	move to_be_deleted/untracked/scratch_ch039.html back to scratch_ch039.html
scratch_ch1.html	DELETE-untracked	lyrics-sources probe scratch (Sep 30) left at repo root	2026-10-04 02:34	move to_be_deleted/untracked/scratch_ch1.html back to scratch_ch1.html
scratch_ch250.html	DELETE-untracked	lyrics-sources probe scratch (Sep 30) left at repo root	2026-10-04 02:34	move to_be_deleted/untracked/scratch_ch250.html back to scratch_ch250.html
scratch_ch305.html	DELETE-untracked	lyrics-sources probe scratch (Sep 30) left at repo root	2026-10-04 02:34	move to_be_deleted/untracked/scratch_ch305.html back to scratch_ch305.html
scratch_ch306.html	DELETE-untracked	lyrics-sources probe scratch (Sep 30) left at repo root	2026-10-04 02:34	move to_be_deleted/untracked/scratch_ch306.html back to scratch_ch306.html
scratch_chindex.html	DELETE-untracked	lyrics-sources probe scratch (Sep 30) left at repo root	2026-10-04 02:34	move to_be_deleted/untracked/scratch_chindex.html back to scratch_chindex.html
scratch_chtitle.html	DELETE-untracked	lyrics-sources probe scratch (Sep 30) left at repo root	2026-10-04 02:34	move to_be_deleted/untracked/scratch_chtitle.html back to scratch_chtitle.html
scratch_fix_ccmixter_pd.py	DELETE-untracked	lyrics-sources probe scratch (Sep 30) left at repo root	2026-10-04 02:34	move to_be_deleted/untracked/scratch_fix_ccmixter_pd.py back to scratch_fix_ccmixter_pd.py
scratch_fix_moji.py	DELETE-untracked	lyrics-sources probe scratch (Sep 30) left at repo root	2026-10-04 02:34	move to_be_deleted/untracked/scratch_fix_moji.py back to scratch_fix_moji.py
scratch_fix_moji2.py	DELETE-untracked	lyrics-sources probe scratch (Sep 30) left at repo root	2026-10-04 02:34	move to_be_deleted/untracked/scratch_fix_moji2.py back to scratch_fix_moji2.py
scratch_fix_refs.py	DELETE-untracked	lyrics-sources probe scratch (Sep 30) left at repo root	2026-10-04 02:34	move to_be_deleted/untracked/scratch_fix_refs.py back to scratch_fix_refs.py
scratch_hymn_OSSN1908_53.html	DELETE-untracked	lyrics-sources probe scratch (Sep 30) left at repo root	2026-10-04 02:34	move to_be_deleted/untracked/scratch_hymn_OSSN1908_53.html back to scratch_hymn_OSSN1908_53.html
scratch_hymnal.html	DELETE-untracked	lyrics-sources probe scratch (Sep 30) left at repo root	2026-10-04 02:34	move to_be_deleted/untracked/scratch_hymnal.html back to scratch_hymnal.html
scratch_inst_OSSN1908.csv	DELETE-untracked	lyrics-sources probe scratch (Sep 30) left at repo root	2026-10-04 02:34	move to_be_deleted/untracked/scratch_inst_OSSN1908.csv back to scratch_inst_OSSN1908.csv
scratch_inst_SH1835.csv	DELETE-untracked	lyrics-sources probe scratch (Sep 30) left at repo root	2026-10-04 02:34	move to_be_deleted/untracked/scratch_inst_SH1835.csv back to scratch_inst_SH1835.csv
scratch_live_probe.py	DELETE-untracked	lyrics-sources probe scratch (Sep 30) left at repo root	2026-10-04 02:34	move to_be_deleted/untracked/scratch_live_probe.py back to scratch_live_probe.py
scratch_probe.py	DELETE-untracked	lyrics-sources probe scratch (Sep 30) left at repo root	2026-10-04 02:34	move to_be_deleted/untracked/scratch_probe.py back to scratch_probe.py
scratch_probe2_2766347460710126608.html	DELETE-untracked	lyrics-sources probe scratch (Sep 30) left at repo root	2026-10-04 02:34	move to_be_deleted/untracked/scratch_probe2_2766347460710126608.html back to scratch_probe2_2766347460710126608.html
scratch_probe2_7675321338544246634.html	DELETE-untracked	lyrics-sources probe scratch (Sep 30) left at repo root	2026-10-04 02:34	move to_be_deleted/untracked/scratch_probe2_7675321338544246634.html back to scratch_probe2_7675321338544246634.html
scratch_probe_amazing_grace_how_sweet_the_sound.html	DELETE-untracked	lyrics-sources probe scratch (Sep 30) left at repo root	2026-10-04 02:34	move to_be_deleted/untracked/scratch_probe_amazing_grace_how_sweet_the_sound.html back to scratch_probe_amazing_grace_how_sweet_the_sound.html
scratch_probe_fulltexts.html	DELETE-untracked	lyrics-sources probe scratch (Sep 30) left at repo root	2026-10-04 02:34	move to_be_deleted/untracked/scratch_probe_fulltexts.html back to scratch_probe_fulltexts.html
scratch_probe_hymnals.html	DELETE-untracked	lyrics-sources probe scratch (Sep 30) left at repo root	2026-10-04 02:34	move to_be_deleted/untracked/scratch_probe_hymnals.html back to scratch_probe_hymnals.html
scratch_probe_instcsv.csv	DELETE-untracked	lyrics-sources probe scratch (Sep 30) left at repo root	2026-10-04 02:34	move to_be_deleted/untracked/scratch_probe_instcsv.csv back to scratch_probe_instcsv.csv
scratch_probe_moji.py	DELETE-untracked	lyrics-sources probe scratch (Sep 30) left at repo root	2026-10-04 02:34	move to_be_deleted/untracked/scratch_probe_moji.py back to scratch_probe_moji.py
scratch_probe_search.html	DELETE-untracked	lyrics-sources probe scratch (Sep 30) left at repo root	2026-10-04 02:34	move to_be_deleted/untracked/scratch_probe_search.html back to scratch_probe_search.html
scratch_probe_widgets.html	DELETE-untracked	lyrics-sources probe scratch (Sep 30) left at repo root	2026-10-04 02:34	move to_be_deleted/untracked/scratch_probe_widgets.html back to scratch_probe_widgets.html
scratch_searchtexts.html	DELETE-untracked	lyrics-sources probe scratch (Sep 30) left at repo root	2026-10-04 02:34	move to_be_deleted/untracked/scratch_searchtexts.html back to scratch_searchtexts.html
scratch_sitemap.xml.html	DELETE-untracked	lyrics-sources probe scratch (Sep 30) left at repo root	2026-10-04 02:34	move to_be_deleted/untracked/scratch_sitemap.xml.html back to scratch_sitemap.xml.html
scratch_smoke_st.py	DELETE-untracked	lyrics-sources probe scratch (Sep 30) left at repo root	2026-10-04 02:34	move to_be_deleted/untracked/scratch_smoke_st.py back to scratch_smoke_st.py
scratch_warn.txt	DELETE-untracked	lyrics-sources probe scratch (Sep 30) left at repo root	2026-10-04 02:34	move to_be_deleted/untracked/scratch_warn.txt back to scratch_warn.txt
scratch_which.py	DELETE-untracked	lyrics-sources probe scratch (Sep 30) left at repo root	2026-10-04 02:34	move to_be_deleted/untracked/scratch_which.py back to scratch_which.py
wt_bog_probe.txt	DELETE-untracked	lyrics-sources probe scratch (Sep 30) left at repo root	2026-10-04 02:34	move to_be_deleted/untracked/wt_bog_probe.txt back to wt_bog_probe.txt
lyrics_research/external_downloads	DELETE-untracked	outside agent dump (lyrics_swap_beta), not project code	2026-10-04 02:34	move to_be_deleted/untracked/lyrics_research/external_downloads back to lyrics_research/external_downloads
ORCHESTRATION/prompts/prompts_index_hemija.md	DELETE-untracked	hemija lyricist lane prompts (Aug 30-31), dead lane; agent-written lyrics contradict finder-only rule	2026-10-04 02:34	move to_be_deleted/untracked/ORCHESTRATION/prompts/prompts_index_hemija.md back to ORCHESTRATION/prompts/prompts_index_hemija.md
ORCHESTRATION/prompts/subagent_dispatch.json	DELETE-untracked	hemija lyricist lane prompts (Aug 30-31), dead lane; agent-written lyrics contradict finder-only rule	2026-10-04 02:34	move to_be_deleted/untracked/ORCHESTRATION/prompts/subagent_dispatch.json back to ORCHESTRATION/prompts/subagent_dispatch.json
ORCHESTRATION/prompts/wave1_hemija_lyricist.md	DELETE-untracked	hemija lyricist lane prompts (Aug 30-31), dead lane; agent-written lyrics contradict finder-only rule	2026-10-04 02:34	move to_be_deleted/untracked/ORCHESTRATION/prompts/wave1_hemija_lyricist.md back to ORCHESTRATION/prompts/wave1_hemija_lyricist.md
ORCHESTRATION/prompts/wave2_hemija_reviewer.md	DELETE-untracked	hemija lyricist lane prompts (Aug 30-31), dead lane; agent-written lyrics contradict finder-only rule	2026-10-04 02:34	move to_be_deleted/untracked/ORCHESTRATION/prompts/wave2_hemija_reviewer.md back to ORCHESTRATION/prompts/wave2_hemija_reviewer.md
nul	DELETE-untracked	accidental bash 2>nul redirect artifact (reserved name)	2026-10-04 02:34	move to_be_deleted/untracked/nul back to nul
output.json	DELETE-untracked	pytest cwd leak from test_export_text_no_directory (root cause fixed in 6b93554)	2026-10-04 15:37	move to_be_deleted/untracked/output.json back to output.json
output.txt	DELETE-untracked	pytest cwd leak from test_export_text_no_directory (root cause fixed in 6b93554)	2026-10-04 15:37	move to_be_deleted/untracked/output.txt back to output.txt
projects/06-opendaw	MOVE-tracked-duplicate	stale tracked copy of open_DAW repo (1,513 files incl. ~590MB Rust build output); true repo = github.com/qaaph-zyld/open_DAW; W2 submodule conversion	2026-10-04 17:40	move .to_be_deleted/2026-10-04_music/toolshop-projects-06-opendaw/06-opendaw back to projects/06-opendaw then git add (history also preserves it)
